web_scraper_order,web_scraper_start_url,pagination-selector,Name,Name2,Name3,Name4,Price,Score,Prev race pts.
1763925487-1,https://fantasy.skiclassics.com/athletes,,Haakon Holden,Team Kaffebryggeriet DRIV,https://skiclassics.com/wp-content/uploads/2023/03/Team-Kaffebryggeriet-Driv-race-suit.png,,$3 813,0 p.,-
1763925487-2,https://fantasy.skiclassics.com/athletes,,Mikael Gunnulfsen,Team Ragde Charge,https://skiclassics.com/wp-content/uploads/2023/03/Aukland-Coaching-AS_2024.svg,,$2 036,0 p.,-
1763925487-3,https://fantasy.skiclassics.com/athletes,,Markus Köcheler,Cibes Lift Ski-Willy Marathon Team,https://skiclassics.com/wp-content/uploads/2023/03/RaceSuit_SkiWillyMarathonTeamAUT.svg,QCI,$935,0 p.,-
1763925487-4,https://fantasy.skiclassics.com/athletes,,Runar Skaug Mathisen,Lager 157 Ski Team,https://skiclassics.com/wp-content/uploads/2024/11/VSC-Race-Suit_LAGER-157-SKI-TEAM.png,,$6 907,0 p.,-
1763925487-5,https://fantasy.skiclassics.com/athletes,,Joel Björnlinger,Ski Team Göhlins,https://skiclassics.com/wp-content/uploads/2023/03/ski-team-Gohlins-race-suit.svg,Youth,$291,0 p.,-
1763925487-6,https://fantasy.skiclassics.com/athletes,,Ole Jørgen Bruvoll,Team Engcon,https://skiclassics.com/wp-content/uploads/2024/11/VSC-Race-Suit_Engcon_New-4.svg,,$8 525,0 p.,-
1763925487-7,https://fantasy.skiclassics.com/athletes,,Per Ingvar Tollehaug,Team Synnfjell,https://skiclassics.com/wp-content/uploads/2023/03/Team-Synnfjell-race-suit-template.png,Youth,$1 097,0 p.,-
1763925487-8,https://fantasy.skiclassics.com/athletes,,Axel Jutterström,Team Eksjöhus,https://skiclassics.com/wp-content/uploads/2024/11/Team-Eksjohus_VSC_template_2024-e1731396346500.png,,$8 871,0 p.,-
1763925487-9,https://fantasy.skiclassics.com/athletes,,Elias Andersson,Ski Team Göhlins,https://skiclassics.com/wp-content/uploads/2023/03/ski-team-Gohlins-race-suit.svg,,$5 301,0 p.,-
1763925487-10,https://fantasy.skiclassics.com/athletes,,Gaute Kvåle,Team Aker Dæhlie,https://skiclassics.com/wp-content/uploads/2023/03/VSC-Race-Suit-Template-Team-Aker-Daehlie-2024.svg,,$454,0 p.,-
1763925487-11,https://fantasy.skiclassics.com/athletes,,Marie Renée Sørum Gangsø,Team Sjusjøen Langløp,,,$3 012,0 p.,-
1763925487-12,https://fantasy.skiclassics.com/athletes,,Valerie Widmer,Team Emtec Nordic,,QCI,$228,0 p.,-
1763925487-13,https://fantasy.skiclassics.com/athletes,,Hilda Löf,Ski Team Göhlins,https://skiclassics.com/wp-content/uploads/2023/03/ski-team-Gohlins-race-suit.svg,Youth,$6 214,0 p.,-
1763925487-14,https://fantasy.skiclassics.com/athletes,,Magni Smedås,Team Eksjöhus,https://skiclassics.com/wp-content/uploads/2024/11/Team-Eksjohus_VSC_template_2024-e1731396346500.png,,$8 183,0 p.,-
1763925487-15,https://fantasy.skiclassics.com/athletes,,Nicole Donzallaz,Cibes Lift Ski-Willy Marathon Team,https://skiclassics.com/wp-content/uploads/2023/03/RaceSuit_SkiWillyMarathonTeamAUT.svg,QCI,$1 970,0 p.,-
1763925487-16,https://fantasy.skiclassics.com/athletes,,Laurie Flochon Joly,Team Futura GTE Trentino,https://skiclassics.com/wp-content/uploads/2023/03/Team-Futura-Trentino-Gte-elettrica.svg,QCI,$4 344,0 p.,-
1763925487-17,https://fantasy.skiclassics.com/athletes,,Léonie Harivel,Team Nordic Expérience/Coste - Fromagerie Marcel Petite,,Youth,$3 608,0 p.,-
1763925487-18,https://fantasy.skiclassics.com/athletes,,Jenny Ramstedt,Bruse Sauerland Ski Team,https://skiclassics.com/wp-content/uploads/2023/03/BRUSE-Sauerland-Ski-Team-Race-Suit-2025.png,,$1 210,0 p.,-
1763925487-19,https://fantasy.skiclassics.com/athletes,,Sofie Elebro Lind,Team Eksjöhus,https://skiclassics.com/wp-content/uploads/2024/11/Team-Eksjohus_VSC_template_2024-e1731396346500.png,,$5 969,0 p.,-
1763925487-20,https://fantasy.skiclassics.com/athletes,,Hanne Skulbru,Team Rustad IL Oslo,,,$1 921,0 p.,-
1763925487-21,https://fantasy.skiclassics.com/athletes,,Jørgen Harby,Team Sport 1 Lillehammer,,Youth,$221,0 p.,-
1763925487-22,https://fantasy.skiclassics.com/athletes,,Stefano Dal Magro,Team Futura GTE Trentino,https://skiclassics.com/wp-content/uploads/2023/03/Team-Futura-Trentino-Gte-elettrica.svg,Youth,$416,0 p.,-
1763925487-23,https://fantasy.skiclassics.com/athletes,,Einar Kalland-Olsen,Lager 157 Ski Team,https://skiclassics.com/wp-content/uploads/2024/11/VSC-Race-Suit_LAGER-157-SKI-TEAM.png,,$4 619,0 p.,-
1763925487-24,https://fantasy.skiclassics.com/athletes,,Bastien Laurent,Team Sjusjøen Langløp,,Youth,$1 457,0 p.,-
1763925487-25,https://fantasy.skiclassics.com/athletes,,Petter Northug,Team Burger King - Northug,,,$1 469,0 p.,-
1763925487-26,https://fantasy.skiclassics.com/athletes,,Jakob Walther,Team Slavia Pojišťovna Robinson Trentino,https://skiclassics.com/wp-content/uploads/2023/03/vsc-race-suit-template-TEAM-ROBINSON-TRENTINO.png,QCI,$715,0 p.,-
1763925487-27,https://fantasy.skiclassics.com/athletes,,Joachim Thrane,Danish Skimarathon Team,https://skiclassics.com/wp-content/uploads/2023/03/Danish-Skimarathon-Team-Race-Suit-1.svg,QCI,$217,0 p.,-
1763925487-28,https://fantasy.skiclassics.com/athletes,,Truls Gisselman,Team Ramudden,https://skiclassics.com/wp-content/uploads/2023/03/Race-Suit_Ramudden_new-kopia2.svg,Youth,$1 054,0 p.,-
1763925487-29,https://fantasy.skiclassics.com/athletes,,Jonathan Göppert,Cibes Lift Ski-Willy Marathon Team,https://skiclassics.com/wp-content/uploads/2023/03/RaceSuit_SkiWillyMarathonTeamAUT.svg,Youth,$1 243,0 p.,-
1763925487-30,https://fantasy.skiclassics.com/athletes,,Nils Dahlsten,Lager 157 Ski Team,https://skiclassics.com/wp-content/uploads/2024/11/VSC-Race-Suit_LAGER-157-SKI-TEAM.png,,$3 099,0 p.,-
1763925487-31,https://fantasy.skiclassics.com/athletes,,Marie Renée Sørum Gangsø,Team Sjusjøen Langløp,,,$3 012,0 p.,-
1763925487-32,https://fantasy.skiclassics.com/athletes,,Valerie Widmer,Team Emtec Nordic,,QCI,$228,0 p.,-
1763925487-33,https://fantasy.skiclassics.com/athletes,,Hilda Löf,Ski Team Göhlins,https://skiclassics.com/wp-content/uploads/2023/03/ski-team-Gohlins-race-suit.svg,Youth,$6 214,0 p.,-
1763925487-34,https://fantasy.skiclassics.com/athletes,,Magni Smedås,Team Eksjöhus,https://skiclassics.com/wp-content/uploads/2024/11/Team-Eksjohus_VSC_template_2024-e1731396346500.png,,$8 183,0 p.,-
1763925487-35,https://fantasy.skiclassics.com/athletes,,Nicole Donzallaz,Cibes Lift Ski-Willy Marathon Team,https://skiclassics.com/wp-content/uploads/2023/03/RaceSuit_SkiWillyMarathonTeamAUT.svg,QCI,$1 970,0 p.,-
1763925487-36,https://fantasy.skiclassics.com/athletes,,Laurie Flochon Joly,Team Futura GTE Trentino,https://skiclassics.com/wp-content/uploads/2023/03/Team-Futura-Trentino-Gte-elettrica.svg,QCI,$4 344,0 p.,-
1763925487-37,https://fantasy.skiclassics.com/athletes,,Léonie Harivel,Team Nordic Expérience/Coste - Fromagerie Marcel Petite,,Youth,$3 608,0 p.,-
1763925487-38,https://fantasy.skiclassics.com/athletes,,Jenny Ramstedt,Bruse Sauerland Ski Team,https://skiclassics.com/wp-content/uploads/2023/03/BRUSE-Sauerland-Ski-Team-Race-Suit-2025.png,,$1 210,0 p.,-
1763925487-39,https://fantasy.skiclassics.com/athletes,,Sofie Elebro Lind,Team Eksjöhus,https://skiclassics.com/wp-content/uploads/2024/11/Team-Eksjohus_VSC_template_2024-e1731396346500.png,,$5 969,0 p.,-
1763925487-40,https://fantasy.skiclassics.com/athletes,,Hanne Skulbru,Team Rustad IL Oslo,,,$1 921,0 p.,-
1763925487-41,https://fantasy.skiclassics.com/athletes,,Hans Petter Rolke,Team Rustad IL Oslo,,,$1 861,0 p.,-
1763925487-42,https://fantasy.skiclassics.com/athletes,,Amund Riege,Team Aker Dæhlie,https://skiclassics.com/wp-content/uploads/2023/03/VSC-Race-Suit-Template-Team-Aker-Daehlie-2024.svg,Youth,$11 222,0 p.,-
1763925487-43,https://fantasy.skiclassics.com/athletes,,Olli Tyrväinen,Team Edux,https://skiclassics.com/wp-content/uploads/2023/03/Team-Edux-race-suit-1.svg,QCI,$686,0 p.,-
1763925487-44,https://fantasy.skiclassics.com/athletes,,Herman Paus,Team Ramudden,https://skiclassics.com/wp-content/uploads/2023/03/Race-Suit_Ramudden_new-kopia2.svg,Youth,$6 680,0 p.,-
1763925487-45,https://fantasy.skiclassics.com/athletes,,Petr Kolaja,eD system RSJ Team,,Youth,$375,0 p.,-
1763925487-46,https://fantasy.skiclassics.com/athletes,,Matthias Waldauf,Cibes Lift Ski-Willy Marathon Team,https://skiclassics.com/wp-content/uploads/2023/03/RaceSuit_SkiWillyMarathonTeamAUT.svg,QCI,$537,0 p.,-
1763925487-47,https://fantasy.skiclassics.com/athletes,,Stefan Falk,Cibes Lift Ski-Willy Marathon Team,https://skiclassics.com/wp-content/uploads/2023/03/RaceSuit_SkiWillyMarathonTeamAUT.svg,QCI,$489,0 p.,-
1763925487-48,https://fantasy.skiclassics.com/athletes,,Sune Elmose,Danish Skimarathon Team,https://skiclassics.com/wp-content/uploads/2023/03/Danish-Skimarathon-Team-Race-Suit-1.svg,QCI,$540,0 p.,-
1763925487-49,https://fantasy.skiclassics.com/athletes,,Henrik Vik Tolo,Team Rustad IL Oslo,,,$3 386,0 p.,-
1763925487-50,https://fantasy.skiclassics.com/athletes,,Erik Ola Jorde,Team Aktiv Mot Kreft,,Youth,$2 290,0 p.,-
1763925487-51,https://fantasy.skiclassics.com/athletes,,Marie Renée Sørum Gangsø,Team Sjusjøen Langløp,,,$3 012,0 p.,-
1763925487-52,https://fantasy.skiclassics.com/athletes,,Valerie Widmer,Team Emtec Nordic,,QCI,$228,0 p.,-
1763925487-53,https://fantasy.skiclassics.com/athletes,,Hilda Löf,Ski Team Göhlins,https://skiclassics.com/wp-content/uploads/2023/03/ski-team-Gohlins-race-suit.svg,Youth,$6 214,0 p.,-
1763925487-54,https://fantasy.skiclassics.com/athletes,,Magni Smedås,Team Eksjöhus,https://skiclassics.com/wp-content/uploads/2024/11/Team-Eksjohus_VSC_template_2024-e1731396346500.png,,$8 183,0 p.,-
1763925487-55,https://fantasy.skiclassics.com/athletes,,Nicole Donzallaz,Cibes Lift Ski-Willy Marathon Team,https://skiclassics.com/wp-content/uploads/2023/03/RaceSuit_SkiWillyMarathonTeamAUT.svg,QCI,$1 970,0 p.,-
1763925487-56,https://fantasy.skiclassics.com/athletes,,Laurie Flochon Joly,Team Futura GTE Trentino,https://skiclassics.com/wp-content/uploads/2023/03/Team-Futura-Trentino-Gte-elettrica.svg,QCI,$4 344,0 p.,-
1763925487-57,https://fantasy.skiclassics.com/athletes,,Léonie Harivel,Team Nordic Expérience/Coste - Fromagerie Marcel Petite,,Youth,$3 608,0 p.,-
1763925487-58,https://fantasy.skiclassics.com/athletes,,Jenny Ramstedt,Bruse Sauerland Ski Team,https://skiclassics.com/wp-content/uploads/2023/03/BRUSE-Sauerland-Ski-Team-Race-Suit-2025.png,,$1 210,0 p.,-
1763925487-59,https://fantasy.skiclassics.com/athletes,,Sofie Elebro Lind,Team Eksjöhus,https://skiclassics.com/wp-content/uploads/2024/11/Team-Eksjohus_VSC_template_2024-e1731396346500.png,,$5 969,0 p.,-
1763925487-60,https://fantasy.skiclassics.com/athletes,,Hanne Skulbru,Team Rustad IL Oslo,,,$1 921,0 p.,-
1763925487-61,https://fantasy.skiclassics.com/athletes,,Henning Lie,Team Sjusjøen Langløp,,,$1 544,0 p.,-
1763925487-62,https://fantasy.skiclassics.com/athletes,,Mattia Armellini,Team Futura GTE Trentino,https://skiclassics.com/wp-content/uploads/2023/03/Team-Futura-Trentino-Gte-elettrica.svg,QCI,$1 003,0 p.,-
1763925487-63,https://fantasy.skiclassics.com/athletes,,Boris Berglez,Team Nordic Expérience/Coste - Fromagerie Marcel Petite,,Youth,$267,0 p.,-
1763925487-64,https://fantasy.skiclassics.com/athletes,,Max Novak,Team Aker Dæhlie,https://skiclassics.com/wp-content/uploads/2023/03/VSC-Race-Suit-Template-Team-Aker-Daehlie-2024.svg,,$12 718,0 p.,-
1763925487-65,https://fantasy.skiclassics.com/athletes,,Riccardo Mich,Team Futura GTE Trentino,https://skiclassics.com/wp-content/uploads/2023/03/Team-Futura-Trentino-Gte-elettrica.svg,QCI,$323,0 p.,-
1763925487-66,https://fantasy.skiclassics.com/athletes,,Stefano Mich,Team Futura GTE Trentino,https://skiclassics.com/wp-content/uploads/2023/03/Team-Futura-Trentino-Gte-elettrica.svg,QCI,$744,0 p.,-
1763925487-67,https://fantasy.skiclassics.com/athletes,,Oskar Kardin,Lager 157 Ski Team,https://skiclassics.com/wp-content/uploads/2024/11/VSC-Race-Suit_LAGER-157-SKI-TEAM.png,,$7 697,0 p.,-
1763925487-68,https://fantasy.skiclassics.com/athletes,,Ulrik Emil Eriksen,Team Synnfjell,https://skiclassics.com/wp-content/uploads/2023/03/Team-Synnfjell-race-suit-template.png,Youth,$618,0 p.,-
1763925487-69,https://fantasy.skiclassics.com/athletes,,Anton Persson,Team Ramudden,https://skiclassics.com/wp-content/uploads/2023/03/Race-Suit_Ramudden_new-kopia2.svg,,$3 575,0 p.,-
1763925487-70,https://fantasy.skiclassics.com/athletes,,Thomas Joly,Team Ramudden,https://skiclassics.com/wp-content/uploads/2023/03/Race-Suit_Ramudden_new-kopia2.svg,QCI,$5 245,0 p.,-
1763925487-71,https://fantasy.skiclassics.com/athletes,,Marie Renée Sørum Gangsø,Team Sjusjøen Langløp,,,$3 012,0 p.,-
1763925487-72,https://fantasy.skiclassics.com/athletes,,Valerie Widmer,Team Emtec Nordic,,QCI,$228,0 p.,-
1763925487-73,https://fantasy.skiclassics.com/athletes,,Hilda Löf,Ski Team Göhlins,https://skiclassics.com/wp-content/uploads/2023/03/ski-team-Gohlins-race-suit.svg,Youth,$6 214,0 p.,-
1763925487-74,https://fantasy.skiclassics.com/athletes,,Magni Smedås,Team Eksjöhus,https://skiclassics.com/wp-content/uploads/2024/11/Team-Eksjohus_VSC_template_2024-e1731396346500.png,,$8 183,0 p.,-
1763925487-75,https://fantasy.skiclassics.com/athletes,,Nicole Donzallaz,Cibes Lift Ski-Willy Marathon Team,https://skiclassics.com/wp-content/uploads/2023/03/RaceSuit_SkiWillyMarathonTeamAUT.svg,QCI,$1 970,0 p.,-
1763925487-76,https://fantasy.skiclassics.com/athletes,,Laurie Flochon Joly,Team Futura GTE Trentino,https://skiclassics.com/wp-content/uploads/2023/03/Team-Futura-Trentino-Gte-elettrica.svg,QCI,$4 344,0 p.,-
1763925487-77,https://fantasy.skiclassics.com/athletes,,Léonie Harivel,Team Nordic Expérience/Coste - Fromagerie Marcel Petite,,Youth,$3 608,0 p.,-
1763925487-78,https://fantasy.skiclassics.com/athletes,,Jenny Ramstedt,Bruse Sauerland Ski Team,https://skiclassics.com/wp-content/uploads/2023/03/BRUSE-Sauerland-Ski-Team-Race-Suit-2025.png,,$1 210,0 p.,-
1763925487-79,https://fantasy.skiclassics.com/athletes,,Sofie Elebro Lind,Team Eksjöhus,https://skiclassics.com/wp-content/uploads/2024/11/Team-Eksjohus_VSC_template_2024-e1731396346500.png,,$5 969,0 p.,-
1763925487-80,https://fantasy.skiclassics.com/athletes,,Hanne Skulbru,Team Rustad IL Oslo,,,$1 921,0 p.,-
1763925487-81,https://fantasy.skiclassics.com/athletes,,Hjalmar Oscarsson,Team Ramudden,https://skiclassics.com/wp-content/uploads/2023/03/Race-Suit_Ramudden_new-kopia2.svg,Youth,$663,0 p.,-
1763925487-82,https://fantasy.skiclassics.com/athletes,,Torleif Syrstad,Team Engcon,https://skiclassics.com/wp-content/uploads/2024/11/VSC-Race-Suit_Engcon_New-4.svg,,$8 222,0 p.,-
1763925487-83,https://fantasy.skiclassics.com/athletes,,Halvor Kleivi,Team Andiamo Fleischer Finans,https://skiclassics.com/wp-content/uploads/2024/10/SC-Race-Suit_Team-Andiamo_2024-09_4x.png,,$216,0 p.,-
1763925487-84,https://fantasy.skiclassics.com/athletes,,Ivar Andre Ryttervold,Team Andiamo Fleischer Finans,https://skiclassics.com/wp-content/uploads/2024/10/SC-Race-Suit_Team-Andiamo_2024-09_4x.png,,$422,0 p.,-
1763925487-85,https://fantasy.skiclassics.com/athletes,,Erling Moseby,Team Andiamo Fleischer Finans,https://skiclassics.com/wp-content/uploads/2024/10/SC-Race-Suit_Team-Andiamo_2024-09_4x.png,,$238,0 p.,-
1763925487-86,https://fantasy.skiclassics.com/athletes,,Viljar Buer Christensen,Team Andiamo Fleischer Finans,https://skiclassics.com/wp-content/uploads/2024/10/SC-Race-Suit_Team-Andiamo_2024-09_4x.png,,$213,0 p.,-
1763925487-87,https://fantasy.skiclassics.com/athletes,,Kjetil Stuge Bånerud,Team Andiamo Fleischer Finans,https://skiclassics.com/wp-content/uploads/2024/10/SC-Race-Suit_Team-Andiamo_2024-09_4x.png,,$261,0 p.,-
1763925487-88,https://fantasy.skiclassics.com/athletes,,Gabriel Strid,Team GS8,https://skiclassics.com/wp-content/uploads/2024/10/Team-GS8-Race-Suit-new.png,,$2 421,0 p.,-
1763925487-89,https://fantasy.skiclassics.com/athletes,,Emil Nykvist,Team GS8,https://skiclassics.com/wp-content/uploads/2024/10/Team-GS8-Race-Suit-new.png,,$227,0 p.,-
1763925487-90,https://fantasy.skiclassics.com/athletes,,Thomas Rinner,Team Internorm Trentino GSG,https://skiclassics.com/wp-content/uploads/2023/03/vsc-race-suit-template-3.svg,QCI,$738,0 p.,-
1763925487-91,https://fantasy.skiclassics.com/athletes,,Marie Renée Sørum Gangsø,Team Sjusjøen Langløp,,,$3 012,0 p.,-
1763925487-92,https://fantasy.skiclassics.com/athletes,,Valerie Widmer,Team Emtec Nordic,,QCI,$228,0 p.,-
1763925487-93,https://fantasy.skiclassics.com/athletes,,Hilda Löf,Ski Team Göhlins,https://skiclassics.com/wp-content/uploads/2023/03/ski-team-Gohlins-race-suit.svg,Youth,$6 214,0 p.,-
1763925487-94,https://fantasy.skiclassics.com/athletes,,Magni Smedås,Team Eksjöhus,https://skiclassics.com/wp-content/uploads/2024/11/Team-Eksjohus_VSC_template_2024-e1731396346500.png,,$8 183,0 p.,-
1763925487-95,https://fantasy.skiclassics.com/athletes,,Nicole Donzallaz,Cibes Lift Ski-Willy Marathon Team,https://skiclassics.com/wp-content/uploads/2023/03/RaceSuit_SkiWillyMarathonTeamAUT.svg,QCI,$1 970,0 p.,-
1763925487-96,https://fantasy.skiclassics.com/athletes,,Laurie Flochon Joly,Team Futura GTE Trentino,https://skiclassics.com/wp-content/uploads/2023/03/Team-Futura-Trentino-Gte-elettrica.svg,QCI,$4 344,0 p.,-
1763925487-97,https://fantasy.skiclassics.com/athletes,,Léonie Harivel,Team Nordic Expérience/Coste - Fromagerie Marcel Petite,,Youth,$3 608,0 p.,-
1763925487-98,https://fantasy.skiclassics.com/athletes,,Jenny Ramstedt,Bruse Sauerland Ski Team,https://skiclassics.com/wp-content/uploads/2023/03/BRUSE-Sauerland-Ski-Team-Race-Suit-2025.png,,$1 210,0 p.,-
1763925487-99,https://fantasy.skiclassics.com/athletes,,Sofie Elebro Lind,Team Eksjöhus,https://skiclassics.com/wp-content/uploads/2024/11/Team-Eksjohus_VSC_template_2024-e1731396346500.png,,$5 969,0 p.,-
1763925487-100,https://fantasy.skiclassics.com/athletes,,Hanne Skulbru,Team Rustad IL Oslo,,,$1 921,0 p.,-
1763925487-101,https://fantasy.skiclassics.com/athletes,,Emil Persson,Lager 157 Ski Team,https://skiclassics.com/wp-content/uploads/2024/11/VSC-Race-Suit_LAGER-157-SKI-TEAM.png,,$13 581,0 p.,-
1763925487-102,https://fantasy.skiclassics.com/athletes,,Lorenzo Busin,Team Internorm Trentino GSG,https://skiclassics.com/wp-content/uploads/2023/03/vsc-race-suit-template-3.svg,QCI,$3 440,0 p.,-
1763925487-103,https://fantasy.skiclassics.com/athletes,,Henrik Haugland Syverinsen,Team Kaffebryggeriet DRIV,https://skiclassics.com/wp-content/uploads/2023/03/Team-Kaffebryggeriet-Driv-race-suit.png,,$3 029,0 p.,-
1763925487-104,https://fantasy.skiclassics.com/athletes,,Václav Sedláček,eD system RSJ Team,,QCI,$1 958,0 p.,-
1763925487-105,https://fantasy.skiclassics.com/athletes,,Marcus Johansson,The Youth Team,,,$2 170,0 p.,-
1763925487-106,https://fantasy.skiclassics.com/athletes,,Florian Göbel,Cibes Lift Ski-Willy Marathon Team,https://skiclassics.com/wp-content/uploads/2023/03/RaceSuit_SkiWillyMarathonTeamAUT.svg,QCI,$221,0 p.,-
1763925487-107,https://fantasy.skiclassics.com/athletes,,Markku Kouva,Team Edux,https://skiclassics.com/wp-content/uploads/2023/03/Team-Edux-race-suit-1.svg,QCI,$224,0 p.,-
1763925487-108,https://fantasy.skiclassics.com/athletes,,Vetle Thyli,Team Kaffebryggeriet DRIV,https://skiclassics.com/wp-content/uploads/2023/03/Team-Kaffebryggeriet-Driv-race-suit.png,,$2 300,0 p.,-
1763925487-109,https://fantasy.skiclassics.com/athletes,,Gianluca Wenger,TEAM BSV IBEX,https://skiclassics.com/wp-content/uploads/2023/03/SC-Race-Suit_template_TEAM-BSV-IBEX.png,Youth,$265,0 p.,-
1763925487-110,https://fantasy.skiclassics.com/athletes,,Curdin Räz,TEAM BSV IBEX,https://skiclassics.com/wp-content/uploads/2023/03/SC-Race-Suit_template_TEAM-BSV-IBEX.png,Youth,$928,0 p.,-
1763925487-111,https://fantasy.skiclassics.com/athletes,,Marie Renée Sørum Gangsø,Team Sjusjøen Langløp,,,$3 012,0 p.,-
1763925487-112,https://fantasy.skiclassics.com/athletes,,Valerie Widmer,Team Emtec Nordic,,QCI,$228,0 p.,-
1763925487-113,https://fantasy.skiclassics.com/athletes,,Hilda Löf,Ski Team Göhlins,https://skiclassics.com/wp-content/uploads/2023/03/ski-team-Gohlins-race-suit.svg,Youth,$6 214,0 p.,-
1763925487-114,https://fantasy.skiclassics.com/athletes,,Magni Smedås,Team Eksjöhus,https://skiclassics.com/wp-content/uploads/2024/11/Team-Eksjohus_VSC_template_2024-e1731396346500.png,,$8 183,0 p.,-
1763925487-115,https://fantasy.skiclassics.com/athletes,,Nicole Donzallaz,Cibes Lift Ski-Willy Marathon Team,https://skiclassics.com/wp-content/uploads/2023/03/RaceSuit_SkiWillyMarathonTeamAUT.svg,QCI,$1 970,0 p.,-
1763925487-116,https://fantasy.skiclassics.com/athletes,,Laurie Flochon Joly,Team Futura GTE Trentino,https://skiclassics.com/wp-content/uploads/2023/03/Team-Futura-Trentino-Gte-elettrica.svg,QCI,$4 344,0 p.,-
1763925487-117,https://fantasy.skiclassics.com/athletes,,Léonie Harivel,Team Nordic Expérience/Coste - Fromagerie Marcel Petite,,Youth,$3 608,0 p.,-
1763925487-118,https://fantasy.skiclassics.com/athletes,,Jenny Ramstedt,Bruse Sauerland Ski Team,https://skiclassics.com/wp-content/uploads/2023/03/BRUSE-Sauerland-Ski-Team-Race-Suit-2025.png,,$1 210,0 p.,-
1763925487-119,https://fantasy.skiclassics.com/athletes,,Sofie Elebro Lind,Team Eksjöhus,https://skiclassics.com/wp-content/uploads/2024/11/Team-Eksjohus_VSC_template_2024-e1731396346500.png,,$5 969,0 p.,-
1763925487-120,https://fantasy.skiclassics.com/athletes,,Hanne Skulbru,Team Rustad IL Oslo,,,$1 921,0 p.,-
1763925487-121,https://fantasy.skiclassics.com/athletes,,Magnus Vesterheim,Team Ramudden,https://skiclassics.com/wp-content/uploads/2023/03/Race-Suit_Ramudden_new-kopia2.svg,,$4 680,0 p.,-
1763925487-122,https://fantasy.skiclassics.com/athletes,,Francesco Ferrari,Team Internorm Trentino GSG,https://skiclassics.com/wp-content/uploads/2023/03/vsc-race-suit-template-3.svg,QCI,$1 929,0 p.,-
1763925487-123,https://fantasy.skiclassics.com/athletes,,Fabián Štoček,Team Slavia Pojišťovna Robinson Trentino,https://skiclassics.com/wp-content/uploads/2023/03/vsc-race-suit-template-TEAM-ROBINSON-TRENTINO.png,QCI,$4 209,0 p.,-
1763925487-124,https://fantasy.skiclassics.com/athletes,,Christian Lorenzi,Team Internorm Trentino GSG,https://skiclassics.com/wp-content/uploads/2023/03/vsc-race-suit-template-3.svg,QCI,$1 071,0 p.,-
1763925487-125,https://fantasy.skiclassics.com/athletes,,Sadurni Betriu Boix,Team Internorm Trentino GSG,https://skiclassics.com/wp-content/uploads/2023/03/vsc-race-suit-template-3.svg,QCI,$315,0 p.,-
1763925487-126,https://fantasy.skiclassics.com/athletes,,Tord Asle Gjerdalen,Team Slavia Pojišťovna Robinson Trentino,https://skiclassics.com/wp-content/uploads/2023/03/vsc-race-suit-template-TEAM-ROBINSON-TRENTINO.png,,$5 877,0 p.,-
1763925487-127,https://fantasy.skiclassics.com/athletes,,Stanislav Řezáč,Team Slavia Pojišťovna Robinson Trentino,https://skiclassics.com/wp-content/uploads/2023/03/vsc-race-suit-template-TEAM-ROBINSON-TRENTINO.png,QCI,$1 352,0 p.,-
1763925487-128,https://fantasy.skiclassics.com/athletes,,Christian Winker,TEAM BSV IBEX,https://skiclassics.com/wp-content/uploads/2023/03/SC-Race-Suit_template_TEAM-BSV-IBEX.png,QCI,$211,0 p.,-
1763925487-129,https://fantasy.skiclassics.com/athletes,,Anders Grini,Team Sjusjøen Langløp,,Youth,$640,0 p.,-
1763925487-130,https://fantasy.skiclassics.com/athletes,,Thomas Ødegaarden,Team Eksjöhus,https://skiclassics.com/wp-content/uploads/2024/11/Team-Eksjohus_VSC_template_2024-e1731396346500.png,,$8 187,0 p.,-
1763925487-131,https://fantasy.skiclassics.com/athletes,,Marie Renée Sørum Gangsø,Team Sjusjøen Langløp,,,$3 012,0 p.,-
1763925487-132,https://fantasy.skiclassics.com/athletes,,Valerie Widmer,Team Emtec Nordic,,QCI,$228,0 p.,-
1763925487-133,https://fantasy.skiclassics.com/athletes,,Hilda Löf,Ski Team Göhlins,https://skiclassics.com/wp-content/uploads/2023/03/ski-team-Gohlins-race-suit.svg,Youth,$6 214,0 p.,-
1763925487-134,https://fantasy.skiclassics.com/athletes,,Magni Smedås,Team Eksjöhus,https://skiclassics.com/wp-content/uploads/2024/11/Team-Eksjohus_VSC_template_2024-e1731396346500.png,,$8 183,0 p.,-
1763925487-135,https://fantasy.skiclassics.com/athletes,,Nicole Donzallaz,Cibes Lift Ski-Willy Marathon Team,https://skiclassics.com/wp-content/uploads/2023/03/RaceSuit_SkiWillyMarathonTeamAUT.svg,QCI,$1 970,0 p.,-
1763925487-136,https://fantasy.skiclassics.com/athletes,,Laurie Flochon Joly,Team Futura GTE Trentino,https://skiclassics.com/wp-content/uploads/2023/03/Team-Futura-Trentino-Gte-elettrica.svg,QCI,$4 344,0 p.,-
1763925487-137,https://fantasy.skiclassics.com/athletes,,Léonie Harivel,Team Nordic Expérience/Coste - Fromagerie Marcel Petite,,Youth,$3 608,0 p.,-
1763925487-138,https://fantasy.skiclassics.com/athletes,,Jenny Ramstedt,Bruse Sauerland Ski Team,https://skiclassics.com/wp-content/uploads/2023/03/BRUSE-Sauerland-Ski-Team-Race-Suit-2025.png,,$1 210,0 p.,-
1763925487-139,https://fantasy.skiclassics.com/athletes,,Sofie Elebro Lind,Team Eksjöhus,https://skiclassics.com/wp-content/uploads/2024/11/Team-Eksjohus_VSC_template_2024-e1731396346500.png,,$5 969,0 p.,-
1763925487-140,https://fantasy.skiclassics.com/athletes,,Hanne Skulbru,Team Rustad IL Oslo,,,$1 921,0 p.,-
1763925487-141,https://fantasy.skiclassics.com/athletes,,Isac Holmström,Team Edux,https://skiclassics.com/wp-content/uploads/2023/03/Team-Edux-race-suit-1.svg,QCI,$2 642,0 p.,-
1763925487-142,https://fantasy.skiclassics.com/athletes,,Adrian Bosshart,Team Emtec Nordic,,QCI,$228,0 p.,-
1763925487-143,https://fantasy.skiclassics.com/athletes,,Bruno Dettmann,The Youth Team,,Youth,$2 885,0 p.,-
1763925487-144,https://fantasy.skiclassics.com/athletes,,Klas Nilsson,Team Futura GTE Trentino,https://skiclassics.com/wp-content/uploads/2023/03/Team-Futura-Trentino-Gte-elettrica.svg,,$2 773,0 p.,-
1763925487-145,https://fantasy.skiclassics.com/athletes,,Jeremy Royer,Team Eksjöhus,https://skiclassics.com/wp-content/uploads/2024/11/Team-Eksjohus_VSC_template_2024-e1731396346500.png,QCI,$15 920,0 p.,-
1763925487-146,https://fantasy.skiclassics.com/athletes,,Tobias Dargatz,Danish Skimarathon Team,https://skiclassics.com/wp-content/uploads/2023/03/Danish-Skimarathon-Team-Race-Suit-1.svg,QCI,$215,0 p.,-
1763925487-147,https://fantasy.skiclassics.com/athletes,,Orjan Walseth,Team Synnfjell,https://skiclassics.com/wp-content/uploads/2023/03/Team-Synnfjell-race-suit-template.png,,$222,0 p.,-
1763925487-148,https://fantasy.skiclassics.com/athletes,,Lassi Juhanoja,Bruse Sauerland Ski Team,https://skiclassics.com/wp-content/uploads/2023/03/BRUSE-Sauerland-Ski-Team-Race-Suit-2025.png,QCI,$471,0 p.,-
1763925487-149,https://fantasy.skiclassics.com/athletes,,Cristian Bertagnolli,Team Slavia Pojišťovna Robinson Trentino,https://skiclassics.com/wp-content/uploads/2023/03/vsc-race-suit-template-TEAM-ROBINSON-TRENTINO.png,Youth,$227,0 p.,-
1763925487-150,https://fantasy.skiclassics.com/athletes,,Lauri Mannila,Team Edux,https://skiclassics.com/wp-content/uploads/2023/03/Team-Edux-race-suit-1.svg,QCI,$353,0 p.,-
1763925487-151,https://fantasy.skiclassics.com/athletes,,Marie Renée Sørum Gangsø,Team Sjusjøen Langløp,,,$3 012,0 p.,-
1763925487-152,https://fantasy.skiclassics.com/athletes,,Valerie Widmer,Team Emtec Nordic,,QCI,$228,0 p.,-
1763925487-153,https://fantasy.skiclassics.com/athletes,,Hilda Löf,Ski Team Göhlins,https://skiclassics.com/wp-content/uploads/2023/03/ski-team-Gohlins-race-suit.svg,Youth,$6 214,0 p.,-
1763925487-154,https://fantasy.skiclassics.com/athletes,,Magni Smedås,Team Eksjöhus,https://skiclassics.com/wp-content/uploads/2024/11/Team-Eksjohus_VSC_template_2024-e1731396346500.png,,$8 183,0 p.,-
1763925487-155,https://fantasy.skiclassics.com/athletes,,Nicole Donzallaz,Cibes Lift Ski-Willy Marathon Team,https://skiclassics.com/wp-content/uploads/2023/03/RaceSuit_SkiWillyMarathonTeamAUT.svg,QCI,$1 970,0 p.,-
1763925487-156,https://fantasy.skiclassics.com/athletes,,Laurie Flochon Joly,Team Futura GTE Trentino,https://skiclassics.com/wp-content/uploads/2023/03/Team-Futura-Trentino-Gte-elettrica.svg,QCI,$4 344,0 p.,-
1763925487-157,https://fantasy.skiclassics.com/athletes,,Léonie Harivel,Team Nordic Expérience/Coste - Fromagerie Marcel Petite,,Youth,$3 608,0 p.,-
1763925487-158,https://fantasy.skiclassics.com/athletes,,Jenny Ramstedt,Bruse Sauerland Ski Team,https://skiclassics.com/wp-content/uploads/2023/03/BRUSE-Sauerland-Ski-Team-Race-Suit-2025.png,,$1 210,0 p.,-
1763925487-159,https://fantasy.skiclassics.com/athletes,,Sofie Elebro Lind,Team Eksjöhus,https://skiclassics.com/wp-content/uploads/2024/11/Team-Eksjohus_VSC_template_2024-e1731396346500.png,,$5 969,0 p.,-
1763925487-160,https://fantasy.skiclassics.com/athletes,,Hanne Skulbru,Team Rustad IL Oslo,,,$1 921,0 p.,-
1763925487-161,https://fantasy.skiclassics.com/athletes,,Henric Thunander,Bruse Sauerland Ski Team,https://skiclassics.com/wp-content/uploads/2023/03/BRUSE-Sauerland-Ski-Team-Race-Suit-2025.png,Youth,$230,0 p.,-
1763925487-162,https://fantasy.skiclassics.com/athletes,,Edvin Håkansson,Team GS8,https://skiclassics.com/wp-content/uploads/2024/10/Team-GS8-Race-Suit-new.png,Youth,$235,0 p.,-
1763925487-163,https://fantasy.skiclassics.com/athletes,,Håvard Taugbøl,Team Ragde Charge,https://skiclassics.com/wp-content/uploads/2023/03/Aukland-Coaching-AS_2024.svg,,$259,0 p.,-
1763925487-164,https://fantasy.skiclassics.com/athletes,,Matyáš Martan,eD system RSJ Team,,Youth,$519,0 p.,-
1763925487-165,https://fantasy.skiclassics.com/athletes,,Jáchym Poul,eD system RSJ Team,,Youth,$243,0 p.,-
1763925487-166,https://fantasy.skiclassics.com/athletes,,Tina Miranová,eD system RSJ Team,,Youth,$276,0 p.,-
1763925487-167,https://fantasy.skiclassics.com/athletes,,Jakub Bečvář,eD system RSJ Team,,Youth,$263,0 p.,-
1763925487-168,https://fantasy.skiclassics.com/athletes,,Simon Vuillet,Team Slavia Pojišťovna Robinson Trentino,https://skiclassics.com/wp-content/uploads/2023/03/vsc-race-suit-template-TEAM-ROBINSON-TRENTINO.png,Youth,$3 375,0 p.,-
1763925487-169,https://fantasy.skiclassics.com/athletes,,Valter Blomberg,The Youth Team,,Youth,$232,0 p.,-
1763925487-170,https://fantasy.skiclassics.com/athletes,,Nathan Jouannon,Team Nordic Expérience/Coste - Fromagerie Marcel Petite,,Youth,$1 253,0 p.,-
1763925487-171,https://fantasy.skiclassics.com/athletes,,Marie Renée Sørum Gangsø,Team Sjusjøen Langløp,,,$3 012,0 p.,-
1763925487-172,https://fantasy.skiclassics.com/athletes,,Valerie Widmer,Team Emtec Nordic,,QCI,$228,0 p.,-
1763925487-173,https://fantasy.skiclassics.com/athletes,,Hilda Löf,Ski Team Göhlins,https://skiclassics.com/wp-content/uploads/2023/03/ski-team-Gohlins-race-suit.svg,Youth,$6 214,0 p.,-
1763925487-174,https://fantasy.skiclassics.com/athletes,,Magni Smedås,Team Eksjöhus,https://skiclassics.com/wp-content/uploads/2024/11/Team-Eksjohus_VSC_template_2024-e1731396346500.png,,$8 183,0 p.,-
1763925487-175,https://fantasy.skiclassics.com/athletes,,Nicole Donzallaz,Cibes Lift Ski-Willy Marathon Team,https://skiclassics.com/wp-content/uploads/2023/03/RaceSuit_SkiWillyMarathonTeamAUT.svg,QCI,$1 970,0 p.,-
1763925487-176,https://fantasy.skiclassics.com/athletes,,Laurie Flochon Joly,Team Futura GTE Trentino,https://skiclassics.com/wp-content/uploads/2023/03/Team-Futura-Trentino-Gte-elettrica.svg,QCI,$4 344,0 p.,-
1763925487-177,https://fantasy.skiclassics.com/athletes,,Léonie Harivel,Team Nordic Expérience/Coste - Fromagerie Marcel Petite,,Youth,$3 608,0 p.,-
1763925487-178,https://fantasy.skiclassics.com/athletes,,Jenny Ramstedt,Bruse Sauerland Ski Team,https://skiclassics.com/wp-content/uploads/2023/03/BRUSE-Sauerland-Ski-Team-Race-Suit-2025.png,,$1 210,0 p.,-
1763925487-179,https://fantasy.skiclassics.com/athletes,,Sofie Elebro Lind,Team Eksjöhus,https://skiclassics.com/wp-content/uploads/2024/11/Team-Eksjohus_VSC_template_2024-e1731396346500.png,,$5 969,0 p.,-
1763925487-180,https://fantasy.skiclassics.com/athletes,,Hanne Skulbru,Team Rustad IL Oslo,,,$1 921,0 p.,-
1763925487-181,https://fantasy.skiclassics.com/athletes,,Rudolf Dohnal,Bruse Sauerland Ski Team,https://skiclassics.com/wp-content/uploads/2023/03/BRUSE-Sauerland-Ski-Team-Race-Suit-2025.png,Youth,$244,0 p.,-
1763925487-182,https://fantasy.skiclassics.com/athletes,,Johannes Richter,Bruse Sauerland Ski Team,https://skiclassics.com/wp-content/uploads/2023/03/BRUSE-Sauerland-Ski-Team-Race-Suit-2025.png,Youth,$298,0 p.,-
1763925487-183,https://fantasy.skiclassics.com/athletes,,Markus Hallén Johansson,Team GS8,https://skiclassics.com/wp-content/uploads/2024/10/Team-GS8-Race-Suit-new.png,,$249,0 p.,-
1763925487-184,https://fantasy.skiclassics.com/athletes,,Stefano Zanotto,Team Rustad IL Oslo,,QCI,$346,0 p.,-
1763925487-185,https://fantasy.skiclassics.com/athletes,,Olav Adelsten Kildal,Team Rustad IL Oslo,,Youth,$269,0 p.,-
1763925487-186,https://fantasy.skiclassics.com/athletes,,Martin Mobråthen,Team Andiamo Fleischer Finans,https://skiclassics.com/wp-content/uploads/2024/10/SC-Race-Suit_Team-Andiamo_2024-09_4x.png,Youth,$240,0 p.,-
1763925487-187,https://fantasy.skiclassics.com/athletes,,Emil Gukild,Team Burger King - Northug,,,$222,0 p.,-
1763925487-188,https://fantasy.skiclassics.com/athletes,,Erling Nyborg Owren,Team Aktiv Mot Kreft,,,$256,0 p.,-
1763925487-189,https://fantasy.skiclassics.com/athletes,,Simen Ramstad,Team Aktiv Mot Kreft,,,$2 310,0 p.,-
1763925487-190,https://fantasy.skiclassics.com/athletes,,Halvor Bade,Team Aktiv Mot Kreft,,Youth,$1 514,0 p.,-
1763925487-191,https://fantasy.skiclassics.com/athletes,,Marie Renée Sørum Gangsø,Team Sjusjøen Langløp,,,$3 012,0 p.,-
1763925487-192,https://fantasy.skiclassics.com/athletes,,Valerie Widmer,Team Emtec Nordic,,QCI,$228,0 p.,-
1763925487-193,https://fantasy.skiclassics.com/athletes,,Hilda Löf,Ski Team Göhlins,https://skiclassics.com/wp-content/uploads/2023/03/ski-team-Gohlins-race-suit.svg,Youth,$6 214,0 p.,-
1763925487-194,https://fantasy.skiclassics.com/athletes,,Magni Smedås,Team Eksjöhus,https://skiclassics.com/wp-content/uploads/2024/11/Team-Eksjohus_VSC_template_2024-e1731396346500.png,,$8 183,0 p.,-
1763925487-195,https://fantasy.skiclassics.com/athletes,,Nicole Donzallaz,Cibes Lift Ski-Willy Marathon Team,https://skiclassics.com/wp-content/uploads/2023/03/RaceSuit_SkiWillyMarathonTeamAUT.svg,QCI,$1 970,0 p.,-
1763925487-196,https://fantasy.skiclassics.com/athletes,,Laurie Flochon Joly,Team Futura GTE Trentino,https://skiclassics.com/wp-content/uploads/2023/03/Team-Futura-Trentino-Gte-elettrica.svg,QCI,$4 344,0 p.,-
1763925487-197,https://fantasy.skiclassics.com/athletes,,Léonie Harivel,Team Nordic Expérience/Coste - Fromagerie Marcel Petite,,Youth,$3 608,0 p.,-
1763925487-198,https://fantasy.skiclassics.com/athletes,,Jenny Ramstedt,Bruse Sauerland Ski Team,https://skiclassics.com/wp-content/uploads/2023/03/BRUSE-Sauerland-Ski-Team-Race-Suit-2025.png,,$1 210,0 p.,-
1763925487-199,https://fantasy.skiclassics.com/athletes,,Sofie Elebro Lind,Team Eksjöhus,https://skiclassics.com/wp-content/uploads/2024/11/Team-Eksjohus_VSC_template_2024-e1731396346500.png,,$5 969,0 p.,-
1763925487-200,https://fantasy.skiclassics.com/athletes,,Hanne Skulbru,Team Rustad IL Oslo,,,$1 921,0 p.,-
1763925487-201,https://fantasy.skiclassics.com/athletes,,Kevin Schilling,Team Emtec Nordic,,QCI,$246,0 p.,-
1763925487-202,https://fantasy.skiclassics.com/athletes,,Robin Locher,Team Emtec Nordic,,Youth,$222,0 p.,-
1763925487-203,https://fantasy.skiclassics.com/athletes,,Johan Österlund,Team Emtec Nordic,,,$272,0 p.,-
1763925487-204,https://fantasy.skiclassics.com/athletes,,Ivo Spadin,Team Emtec Nordic,,QCI,$244,0 p.,-
1763925487-205,https://fantasy.skiclassics.com/athletes,,Gian Jörger,Team Emtec Nordic,,QCI,$270,0 p.,-
1763925487-206,https://fantasy.skiclassics.com/athletes,,Samuel Szczotka,Team Emtec Nordic,,Youth,$278,0 p.,-
1763925487-207,https://fantasy.skiclassics.com/athletes,,Marie Renée Sørum Gangsø,Team Sjusjøen Langløp,,,$3 012,0 p.,-
1763925487-208,https://fantasy.skiclassics.com/athletes,,Valerie Widmer,Team Emtec Nordic,,QCI,$228,0 p.,-
1763925487-209,https://fantasy.skiclassics.com/athletes,,Hilda Löf,Ski Team Göhlins,https://skiclassics.com/wp-content/uploads/2023/03/ski-team-Gohlins-race-suit.svg,Youth,$6 214,0 p.,-
1763925487-210,https://fantasy.skiclassics.com/athletes,,Magni Smedås,Team Eksjöhus,https://skiclassics.com/wp-content/uploads/2024/11/Team-Eksjohus_VSC_template_2024-e1731396346500.png,,$8 183,0 p.,-
1763925487-211,https://fantasy.skiclassics.com/athletes,,Nicole Donzallaz,Cibes Lift Ski-Willy Marathon Team,https://skiclassics.com/wp-content/uploads/2023/03/RaceSuit_SkiWillyMarathonTeamAUT.svg,QCI,$1 970,0 p.,-
1763925487-212,https://fantasy.skiclassics.com/athletes,,Laurie Flochon Joly,Team Futura GTE Trentino,https://skiclassics.com/wp-content/uploads/2023/03/Team-Futura-Trentino-Gte-elettrica.svg,QCI,$4 344,0 p.,-
1763925487-213,https://fantasy.skiclassics.com/athletes,,Léonie Harivel,Team Nordic Expérience/Coste - Fromagerie Marcel Petite,,Youth,$3 608,0 p.,-
1763925487-214,https://fantasy.skiclassics.com/athletes,,Jenny Ramstedt,Bruse Sauerland Ski Team,https://skiclassics.com/wp-content/uploads/2023/03/BRUSE-Sauerland-Ski-Team-Race-Suit-2025.png,,$1 210,0 p.,-
1763925487-215,https://fantasy.skiclassics.com/athletes,,Sofie Elebro Lind,Team Eksjöhus,https://skiclassics.com/wp-content/uploads/2024/11/Team-Eksjohus_VSC_template_2024-e1731396346500.png,,$5 969,0 p.,-
1763925487-216,https://fantasy.skiclassics.com/athletes,,Hanne Skulbru,Team Rustad IL Oslo,,,$1 921,0 p.,-
1763925487-217,https://fantasy.skiclassics.com/athletes,,Rudolf Dohnal,Bruse Sauerland Ski Team,https://skiclassics.com/wp-content/uploads/2023/03/BRUSE-Sauerland-Ski-Team-Race-Suit-2025.png,Youth,$244,0 p.,-
1763925487-218,https://fantasy.skiclassics.com/athletes,,Johannes Richter,Bruse Sauerland Ski Team,https://skiclassics.com/wp-content/uploads/2023/03/BRUSE-Sauerland-Ski-Team-Race-Suit-2025.png,Youth,$298,0 p.,-
1763925487-219,https://fantasy.skiclassics.com/athletes,,Markus Hallén Johansson,Team GS8,https://skiclassics.com/wp-content/uploads/2024/10/Team-GS8-Race-Suit-new.png,,$249,0 p.,-
1763925487-220,https://fantasy.skiclassics.com/athletes,,Stefano Zanotto,Team Rustad IL Oslo,,QCI,$346,0 p.,-
1763925487-221,https://fantasy.skiclassics.com/athletes,,Olav Adelsten Kildal,Team Rustad IL Oslo,,Youth,$269,0 p.,-
1763925487-222,https://fantasy.skiclassics.com/athletes,,Martin Mobråthen,Team Andiamo Fleischer Finans,https://skiclassics.com/wp-content/uploads/2024/10/SC-Race-Suit_Team-Andiamo_2024-09_4x.png,Youth,$240,0 p.,-
1763925487-223,https://fantasy.skiclassics.com/athletes,,Emil Gukild,Team Burger King - Northug,,,$222,0 p.,-
1763925487-224,https://fantasy.skiclassics.com/athletes,,Erling Nyborg Owren,Team Aktiv Mot Kreft,,,$256,0 p.,-
1763925487-225,https://fantasy.skiclassics.com/athletes,,Simen Ramstad,Team Aktiv Mot Kreft,,,$2 310,0 p.,-
1763925487-226,https://fantasy.skiclassics.com/athletes,,Halvor Bade,Team Aktiv Mot Kreft,,Youth,$1 514,0 p.,-
1763925487-227,https://fantasy.skiclassics.com/athletes,,Moa Hansson,Ski Team Göhlins,https://skiclassics.com/wp-content/uploads/2023/03/ski-team-Gohlins-race-suit.svg,Youth,$3 469,0 p.,-
1763925487-228,https://fantasy.skiclassics.com/athletes,,Kati Roivas,Team Eksjöhus,https://skiclassics.com/wp-content/uploads/2024/11/Team-Eksjohus_VSC_template_2024-e1731396346500.png,QCI,$13 297,0 p.,-
1763925487-229,https://fantasy.skiclassics.com/athletes,,Hanna Lodin,Team Engcon,https://skiclassics.com/wp-content/uploads/2024/11/VSC-Race-Suit_Engcon_New-4.svg,,$16 378,0 p.,-
1763925487-230,https://fantasy.skiclassics.com/athletes,,Michaela Patscheider,Team Slavia Pojišťovna Robinson Trentino,https://skiclassics.com/wp-content/uploads/2023/03/vsc-race-suit-template-TEAM-ROBINSON-TRENTINO.png,QCI,$9 522,0 p.,-
1763925487-231,https://fantasy.skiclassics.com/athletes,,Katerina Paul,TEAM BSV IBEX,https://skiclassics.com/wp-content/uploads/2023/03/SC-Race-Suit_template_TEAM-BSV-IBEX.png,QCI,$3 548,0 p.,-
1763925487-232,https://fantasy.skiclassics.com/athletes,,Suzette Christin,Team Nordic Expérience/Coste - Fromagerie Marcel Petite,,Youth,$711,0 p.,-
1763925487-233,https://fantasy.skiclassics.com/athletes,,Marlies Nipius,Team Emtec Nordic,,QCI,$893,0 p.,-
1763925487-234,https://fantasy.skiclassics.com/athletes,,Camilla Brørs,Team Sport 1 Lillehammer,,Youth,$3 842,0 p.,-
1763925487-235,https://fantasy.skiclassics.com/athletes,,Karolina Hedenström,Lager 157 Ski Team,https://skiclassics.com/wp-content/uploads/2024/11/VSC-Race-Suit_LAGER-157-SKI-TEAM.png,Youth,$13 959,0 p.,-
1763925487-236,https://fantasy.skiclassics.com/athletes,,Sofia Lindberg,Team Edux,https://skiclassics.com/wp-content/uploads/2023/03/Team-Edux-race-suit-1.svg,,$4 270,0 p.,-
1763925487-237,https://fantasy.skiclassics.com/athletes,,Antoine Millet,Team Nordic Expérience/Coste - Fromagerie Marcel Petite,,Youth,$541,0 p.,-
1763925487-238,https://fantasy.skiclassics.com/athletes,,Elio Jarriand,Team Nordic Expérience/Coste - Fromagerie Marcel Petite,,Youth,$346,0 p.,-
1763925487-239,https://fantasy.skiclassics.com/athletes,,Per Finstad,NTNUI Ski Team,https://skiclassics.com/wp-content/uploads/2023/03/NTNUI-SKI-TEAM-Race-suite-picture.jpg,Youth,$297,0 p.,-
1763925487-240,https://fantasy.skiclassics.com/athletes,,Ferdinand Fremming,NTNUI Ski Team,https://skiclassics.com/wp-content/uploads/2023/03/NTNUI-SKI-TEAM-Race-suite-picture.jpg,Youth,$299,0 p.,-
1763925487-241,https://fantasy.skiclassics.com/athletes,,Ask Tveiten,NTNUI Ski Team,https://skiclassics.com/wp-content/uploads/2023/03/NTNUI-SKI-TEAM-Race-suite-picture.jpg,Youth,$238,0 p.,-
1763925487-242,https://fantasy.skiclassics.com/athletes,,Aaron Gunnarsson,Cibes Lift Ski-Willy Marathon Team,https://skiclassics.com/wp-content/uploads/2023/03/RaceSuit_SkiWillyMarathonTeamAUT.svg,Youth,$241,0 p.,-
1763925487-243,https://fantasy.skiclassics.com/athletes,,Espen Benjaminsen,Team Synnfjell,https://skiclassics.com/wp-content/uploads/2023/03/Team-Synnfjell-race-suit-template.png,Youth,$237,0 p.,-
1763925487-244,https://fantasy.skiclassics.com/athletes,,Theodor Danielsson,Team Synnfjell,https://skiclassics.com/wp-content/uploads/2023/03/Team-Synnfjell-race-suit-template.png,,$233,0 p.,-
1763925487-245,https://fantasy.skiclassics.com/athletes,,Oskar Fjellheim,Team Synnfjell,https://skiclassics.com/wp-content/uploads/2023/03/Team-Synnfjell-race-suit-template.png,Youth,$300,0 p.,-
1763925487-246,https://fantasy.skiclassics.com/athletes,,Anton Schaper,Bruse Sauerland Ski Team,https://skiclassics.com/wp-content/uploads/2023/03/BRUSE-Sauerland-Ski-Team-Race-Suit-2025.png,Youth,$243,0 p.,-
1763925487-247,https://fantasy.skiclassics.com/athletes,,Julie Kvale Støstad,Team Ramudden,https://skiclassics.com/wp-content/uploads/2023/03/Race-Suit_Ramudden_new-kopia2.svg,,$7 185,0 p.,-
1763925487-248,https://fantasy.skiclassics.com/athletes,,Tova Andersson,Team Ramudden,https://skiclassics.com/wp-content/uploads/2023/03/Race-Suit_Ramudden_new-kopia2.svg,Youth,$1 576,0 p.,-
1763925487-249,https://fantasy.skiclassics.com/athletes,,Jenny Larsson,Lager 157 Ski Team,https://skiclassics.com/wp-content/uploads/2024/11/VSC-Race-Suit_LAGER-157-SKI-TEAM.png,,$14 456,0 p.,-
1763925487-250,https://fantasy.skiclassics.com/athletes,,Stina Nilsson,Team Ragde Charge,https://skiclassics.com/wp-content/uploads/2023/03/Aukland-Coaching-AS_2024.svg,,$13 890,0 p.,-
1763925487-251,https://fantasy.skiclassics.com/athletes,,Louise Lindström,Team Eksjöhus,https://skiclassics.com/wp-content/uploads/2024/11/Team-Eksjohus_VSC_template_2024-e1731396346500.png,Youth,$16 289,0 p.,-
1763925487-252,https://fantasy.skiclassics.com/athletes,,Margaux Gaillard,Team Futura GTE Trentino,https://skiclassics.com/wp-content/uploads/2023/03/Team-Futura-Trentino-Gte-elettrica.svg,Youth,$3 193,0 p.,-
1763925487-253,https://fantasy.skiclassics.com/athletes,,Anikken Gjerde Alnæs,Team Engcon,https://skiclassics.com/wp-content/uploads/2024/11/VSC-Race-Suit_Engcon_New-4.svg,,$17 347,0 p.,-
1763925487-254,https://fantasy.skiclassics.com/athletes,,Hedda Nerdrum,Team Andiamo Fleischer Finans,https://skiclassics.com/wp-content/uploads/2024/10/SC-Race-Suit_Team-Andiamo_2024-09_4x.png,,$536,0 p.,-
1763925487-255,https://fantasy.skiclassics.com/athletes,,Matilda Bandefur,Team GS8,https://skiclassics.com/wp-content/uploads/2024/10/Team-GS8-Race-Suit-new.png,Youth,$680,0 p.,-
1763925487-256,https://fantasy.skiclassics.com/athletes,,Maja Heikki,Team GS8,https://skiclassics.com/wp-content/uploads/2024/10/Team-GS8-Race-Suit-new.png,Youth,$1 849,0 p.,-
1763925487-257,https://fantasy.skiclassics.com/athletes,,Henric Thunander,Bruse Sauerland Ski Team,https://skiclassics.com/wp-content/uploads/2023/03/BRUSE-Sauerland-Ski-Team-Race-Suit-2025.png,Youth,$230,0 p.,-
1763925487-258,https://fantasy.skiclassics.com/athletes,,Edvin Håkansson,Team GS8,https://skiclassics.com/wp-content/uploads/2024/10/Team-GS8-Race-Suit-new.png,Youth,$235,0 p.,-
1763925487-259,https://fantasy.skiclassics.com/athletes,,Håvard Taugbøl,Team Ragde Charge,https://skiclassics.com/wp-content/uploads/2023/03/Aukland-Coaching-AS_2024.svg,,$259,0 p.,-
1763925487-260,https://fantasy.skiclassics.com/athletes,,Matyáš Martan,eD system RSJ Team,,Youth,$519,0 p.,-
1763925487-261,https://fantasy.skiclassics.com/athletes,,Jáchym Poul,eD system RSJ Team,,Youth,$243,0 p.,-
1763925487-262,https://fantasy.skiclassics.com/athletes,,Tina Miranová,eD system RSJ Team,,Youth,$276,0 p.,-
1763925487-263,https://fantasy.skiclassics.com/athletes,,Jakub Bečvář,eD system RSJ Team,,Youth,$263,0 p.,-
1763925487-264,https://fantasy.skiclassics.com/athletes,,Simon Vuillet,Team Slavia Pojišťovna Robinson Trentino,https://skiclassics.com/wp-content/uploads/2023/03/vsc-race-suit-template-TEAM-ROBINSON-TRENTINO.png,Youth,$3 375,0 p.,-
1763925487-265,https://fantasy.skiclassics.com/athletes,,Valter Blomberg,The Youth Team,,Youth,$232,0 p.,-
1763925487-266,https://fantasy.skiclassics.com/athletes,,Nathan Jouannon,Team Nordic Expérience/Coste - Fromagerie Marcel Petite,,Youth,$1 253,0 p.,-
1763925487-267,https://fantasy.skiclassics.com/athletes,,Karen Amalie Nordseth,Team Sjusjøen Langløp,,Youth,$4 018,0 p.,-
1763925487-268,https://fantasy.skiclassics.com/athletes,,Julia Angelsiöö,Ski Team Göhlins,https://skiclassics.com/wp-content/uploads/2023/03/ski-team-Gohlins-race-suit.svg,,$4 060,0 p.,-
1763925487-269,https://fantasy.skiclassics.com/athletes,,Maja Majbäck,The Youth Team,,,$1 063,0 p.,-
1763925487-270,https://fantasy.skiclassics.com/athletes,,Maren Åberg,Team Sport 1 Lillehammer,,Youth,$2 861,0 p.,-
1763925487-271,https://fantasy.skiclassics.com/athletes,,Sandra Schützová,Team Kaffebryggeriet DRIV,https://skiclassics.com/wp-content/uploads/2023/03/Team-Kaffebryggeriet-Driv-race-suit.png,QCI,$10 347,0 p.,-
1763925487-272,https://fantasy.skiclassics.com/athletes,,Oda Nerdrum,Team Slavia Pojišťovna Robinson Trentino,https://skiclassics.com/wp-content/uploads/2023/03/vsc-race-suit-template-TEAM-ROBINSON-TRENTINO.png,,$4 229,0 p.,-
1763925487-273,https://fantasy.skiclassics.com/athletes,,Anja Stolpe,The Youth Team,,Youth,$7 227,0 p.,-
1763925487-274,https://fantasy.skiclassics.com/athletes,,Emma Ivarsson,Team Futura GTE Trentino,https://skiclassics.com/wp-content/uploads/2023/03/Team-Futura-Trentino-Gte-elettrica.svg,,$2 802,0 p.,-
1763925487-275,https://fantasy.skiclassics.com/athletes,,Nicole Tröger,Cibes Lift Ski-Willy Marathon Team,https://skiclassics.com/wp-content/uploads/2023/03/RaceSuit_SkiWillyMarathonTeamAUT.svg,QCI,$2 044,0 p.,-
1763925487-276,https://fantasy.skiclassics.com/athletes,,Madelene Nord,Bruse Sauerland Ski Team,https://skiclassics.com/wp-content/uploads/2023/03/BRUSE-Sauerland-Ski-Team-Race-Suit-2025.png,,$1 619,0 p.,-
1763925487-277,https://fantasy.skiclassics.com/athletes,,Isac Holmström,Team Edux,https://skiclassics.com/wp-content/uploads/2023/03/Team-Edux-race-suit-1.svg,QCI,$2 642,0 p.,-
1763925487-278,https://fantasy.skiclassics.com/athletes,,Adrian Bosshart,Team Emtec Nordic,,QCI,$228,0 p.,-
1763925487-279,https://fantasy.skiclassics.com/athletes,,Bruno Dettmann,The Youth Team,,Youth,$2 885,0 p.,-
1763925487-280,https://fantasy.skiclassics.com/athletes,,Klas Nilsson,Team Futura GTE Trentino,https://skiclassics.com/wp-content/uploads/2023/03/Team-Futura-Trentino-Gte-elettrica.svg,,$2 773,0 p.,-
1763925487-281,https://fantasy.skiclassics.com/athletes,,Jeremy Royer,Team Eksjöhus,https://skiclassics.com/wp-content/uploads/2024/11/Team-Eksjohus_VSC_template_2024-e1731396346500.png,QCI,$15 920,0 p.,-
1763925487-282,https://fantasy.skiclassics.com/athletes,,Tobias Dargatz,Danish Skimarathon Team,https://skiclassics.com/wp-content/uploads/2023/03/Danish-Skimarathon-Team-Race-Suit-1.svg,QCI,$215,0 p.,-
1763925487-283,https://fantasy.skiclassics.com/athletes,,Orjan Walseth,Team Synnfjell,https://skiclassics.com/wp-content/uploads/2023/03/Team-Synnfjell-race-suit-template.png,,$222,0 p.,-
1763925487-284,https://fantasy.skiclassics.com/athletes,,Lassi Juhanoja,Bruse Sauerland Ski Team,https://skiclassics.com/wp-content/uploads/2023/03/BRUSE-Sauerland-Ski-Team-Race-Suit-2025.png,QCI,$471,0 p.,-
1763925487-285,https://fantasy.skiclassics.com/athletes,,Cristian Bertagnolli,Team Slavia Pojišťovna Robinson Trentino,https://skiclassics.com/wp-content/uploads/2023/03/vsc-race-suit-template-TEAM-ROBINSON-TRENTINO.png,Youth,$227,0 p.,-
1763925487-286,https://fantasy.skiclassics.com/athletes,,Lauri Mannila,Team Edux,https://skiclassics.com/wp-content/uploads/2023/03/Team-Edux-race-suit-1.svg,QCI,$353,0 p.,-
1763925487-287,https://fantasy.skiclassics.com/athletes,,Anne Kjersti Kalvaa,Team Aker Dæhlie,https://skiclassics.com/wp-content/uploads/2023/03/VSC-Race-Suit-Template-Team-Aker-Daehlie-2024.svg,,$289,0 p.,-
1763925487-288,https://fantasy.skiclassics.com/athletes,,Sophia Laukli,Team Aker Dæhlie,https://skiclassics.com/wp-content/uploads/2023/03/VSC-Race-Suit-Template-Team-Aker-Daehlie-2024.svg,Youth,$267,0 p.,-
1763925487-289,https://fantasy.skiclassics.com/athletes,,Anna Aukland,Team Ragde Charge,https://skiclassics.com/wp-content/uploads/2023/03/Aukland-Coaching-AS_2024.svg,Youth,$300,0 p.,-
1763925487-290,https://fantasy.skiclassics.com/athletes,,Eliška Šibravová,eD system RSJ Team,,Youth,$293,0 p.,-
1763925487-291,https://fantasy.skiclassics.com/athletes,,Helene Ekrheim Haugen,Team Kaffebryggeriet DRIV,https://skiclassics.com/wp-content/uploads/2023/03/Team-Kaffebryggeriet-Driv-race-suit.png,Youth,$263,0 p.,-
1763925487-292,https://fantasy.skiclassics.com/athletes,,Vera Myhlback,The Youth Team,,Youth,$259,0 p.,-
1763925487-293,https://fantasy.skiclassics.com/athletes,,Lisa Alrik,The Youth Team,,Youth,$264,0 p.,-
1763925487-294,https://fantasy.skiclassics.com/athletes,,Alice Bourdin,Team Nordic Expérience/Coste - Fromagerie Marcel Petite,,Youth,$253,0 p.,-
1763925487-295,https://fantasy.skiclassics.com/athletes,,Ella Noora Haapalehto,Team Edux,https://skiclassics.com/wp-content/uploads/2023/03/Team-Edux-race-suit-1.svg,Youth,$292,0 p.,-
1763925487-296,https://fantasy.skiclassics.com/athletes,,Julie Meinicke,NTNUI Ski Team,https://skiclassics.com/wp-content/uploads/2023/03/NTNUI-SKI-TEAM-Race-suite-picture.jpg,Youth,$244,0 p.,-
1763925487-297,https://fantasy.skiclassics.com/athletes,,Magnus Vesterheim,Team Ramudden,https://skiclassics.com/wp-content/uploads/2023/03/Race-Suit_Ramudden_new-kopia2.svg,,$4 680,0 p.,-
1763925487-298,https://fantasy.skiclassics.com/athletes,,Francesco Ferrari,Team Internorm Trentino GSG,https://skiclassics.com/wp-content/uploads/2023/03/vsc-race-suit-template-3.svg,QCI,$1 929,0 p.,-
1763925487-299,https://fantasy.skiclassics.com/athletes,,Fabián Štoček,Team Slavia Pojišťovna Robinson Trentino,https://skiclassics.com/wp-content/uploads/2023/03/vsc-race-suit-template-TEAM-ROBINSON-TRENTINO.png,QCI,$4 209,0 p.,-
1763925487-300,https://fantasy.skiclassics.com/athletes,,Christian Lorenzi,Team Internorm Trentino GSG,https://skiclassics.com/wp-content/uploads/2023/03/vsc-race-suit-template-3.svg,QCI,$1 071,0 p.,-
1763925487-301,https://fantasy.skiclassics.com/athletes,,Sadurni Betriu Boix,Team Internorm Trentino GSG,https://skiclassics.com/wp-content/uploads/2023/03/vsc-race-suit-template-3.svg,QCI,$315,0 p.,-
1763925487-302,https://fantasy.skiclassics.com/athletes,,Tord Asle Gjerdalen,Team Slavia Pojišťovna Robinson Trentino,https://skiclassics.com/wp-content/uploads/2023/03/vsc-race-suit-template-TEAM-ROBINSON-TRENTINO.png,,$5 877,0 p.,-
1763925487-303,https://fantasy.skiclassics.com/athletes,,Stanislav Řezáč,Team Slavia Pojišťovna Robinson Trentino,https://skiclassics.com/wp-content/uploads/2023/03/vsc-race-suit-template-TEAM-ROBINSON-TRENTINO.png,QCI,$1 352,0 p.,-
1763925487-304,https://fantasy.skiclassics.com/athletes,,Christian Winker,TEAM BSV IBEX,https://skiclassics.com/wp-content/uploads/2023/03/SC-Race-Suit_template_TEAM-BSV-IBEX.png,QCI,$211,0 p.,-
1763925487-305,https://fantasy.skiclassics.com/athletes,,Anders Grini,Team Sjusjøen Langløp,,Youth,$640,0 p.,-
1763925487-306,https://fantasy.skiclassics.com/athletes,,Thomas Ødegaarden,Team Eksjöhus,https://skiclassics.com/wp-content/uploads/2024/11/Team-Eksjohus_VSC_template_2024-e1731396346500.png,,$8 187,0 p.,-
1763925487-307,https://fantasy.skiclassics.com/athletes,,Ingeborg Rystad,Team Rustad IL Oslo,,Youth,$300,0 p.,-
1763925487-308,https://fantasy.skiclassics.com/athletes,,Eva Helene Andberg,Team Rustad IL Oslo,,Youth,$241,0 p.,-
1763925487-309,https://fantasy.skiclassics.com/athletes,,Oda Aanestad,Team Andiamo Fleischer Finans,https://skiclassics.com/wp-content/uploads/2024/10/SC-Race-Suit_Team-Andiamo_2024-09_4x.png,Youth,$294,0 p.,-
1763925487-310,https://fantasy.skiclassics.com/athletes,,Hedda Bångman,Team Burger King - Northug,,,$8 328,0 p.,-
1763925487-311,https://fantasy.skiclassics.com/athletes,,Julie Victoria Berg,Team Burger King - Northug,,,$271,0 p.,-
1763925487-312,https://fantasy.skiclassics.com/athletes,,Maren Engeskaug Nielsen,Team Burger King - Northug,,,$1 283,0 p.,-
1763925487-313,https://fantasy.skiclassics.com/athletes,,Fanny Marie Møller Endresen,Team Burger King - Northug,,,$1 510,0 p.,-
1763925487-314,https://fantasy.skiclassics.com/athletes,,Astrid Arnesen,Team Aktiv Mot Kreft,,Youth,$2 871,0 p.,-
1763925487-315,https://fantasy.skiclassics.com/athletes,,Martine Grøttum Engen,Team Aktiv Mot Kreft,,Youth,$2 438,0 p.,-
1763925487-316,https://fantasy.skiclassics.com/athletes,,Hermine Widding,Team Aktiv Mot Kreft,,Youth,$239,0 p.,-
1763925487-317,https://fantasy.skiclassics.com/athletes,,Emil Persson,Lager 157 Ski Team,https://skiclassics.com/wp-content/uploads/2024/11/VSC-Race-Suit_LAGER-157-SKI-TEAM.png,,$13 581,0 p.,-
1763925487-318,https://fantasy.skiclassics.com/athletes,,Lorenzo Busin,Team Internorm Trentino GSG,https://skiclassics.com/wp-content/uploads/2023/03/vsc-race-suit-template-3.svg,QCI,$3 440,0 p.,-
1763925487-319,https://fantasy.skiclassics.com/athletes,,Henrik Haugland Syverinsen,Team Kaffebryggeriet DRIV,https://skiclassics.com/wp-content/uploads/2023/03/Team-Kaffebryggeriet-Driv-race-suit.png,,$3 029,0 p.,-
1763925487-320,https://fantasy.skiclassics.com/athletes,,Václav Sedláček,eD system RSJ Team,,QCI,$1 958,0 p.,-
1763925487-321,https://fantasy.skiclassics.com/athletes,,Marcus Johansson,The Youth Team,,,$2 170,0 p.,-
1763925487-322,https://fantasy.skiclassics.com/athletes,,Florian Göbel,Cibes Lift Ski-Willy Marathon Team,https://skiclassics.com/wp-content/uploads/2023/03/RaceSuit_SkiWillyMarathonTeamAUT.svg,QCI,$221,0 p.,-
1763925487-323,https://fantasy.skiclassics.com/athletes,,Markku Kouva,Team Edux,https://skiclassics.com/wp-content/uploads/2023/03/Team-Edux-race-suit-1.svg,QCI,$224,0 p.,-
1763925487-324,https://fantasy.skiclassics.com/athletes,,Vetle Thyli,Team Kaffebryggeriet DRIV,https://skiclassics.com/wp-content/uploads/2023/03/Team-Kaffebryggeriet-Driv-race-suit.png,,$2 300,0 p.,-
1763925487-325,https://fantasy.skiclassics.com/athletes,,Gianluca Wenger,TEAM BSV IBEX,https://skiclassics.com/wp-content/uploads/2023/03/SC-Race-Suit_template_TEAM-BSV-IBEX.png,Youth,$265,0 p.,-
1763925487-326,https://fantasy.skiclassics.com/athletes,,Curdin Räz,TEAM BSV IBEX,https://skiclassics.com/wp-content/uploads/2023/03/SC-Race-Suit_template_TEAM-BSV-IBEX.png,Youth,$928,0 p.,-
1763925487-327,https://fantasy.skiclassics.com/athletes,,Manuela Deigentesch,Team Emtec Nordic,,QCI,$488,0 p.,-
1763925487-328,https://fantasy.skiclassics.com/athletes,,Nora Doksrød,NTNUI Ski Team,https://skiclassics.com/wp-content/uploads/2023/03/NTNUI-SKI-TEAM-Race-suite-picture.jpg,Youth,$256,0 p.,-
1763925487-329,https://fantasy.skiclassics.com/athletes,,Hjalmar Oscarsson,Team Ramudden,https://skiclassics.com/wp-content/uploads/2023/03/Race-Suit_Ramudden_new-kopia2.svg,Youth,$663,0 p.,-
1763925487-330,https://fantasy.skiclassics.com/athletes,,Torleif Syrstad,Team Engcon,https://skiclassics.com/wp-content/uploads/2024/11/VSC-Race-Suit_Engcon_New-4.svg,,$8 222,0 p.,-
1763925487-331,https://fantasy.skiclassics.com/athletes,,Halvor Kleivi,Team Andiamo Fleischer Finans,https://skiclassics.com/wp-content/uploads/2024/10/SC-Race-Suit_Team-Andiamo_2024-09_4x.png,,$216,0 p.,-
1763925487-332,https://fantasy.skiclassics.com/athletes,,Ivar Andre Ryttervold,Team Andiamo Fleischer Finans,https://skiclassics.com/wp-content/uploads/2024/10/SC-Race-Suit_Team-Andiamo_2024-09_4x.png,,$422,0 p.,-
1763925487-333,https://fantasy.skiclassics.com/athletes,,Erling Moseby,Team Andiamo Fleischer Finans,https://skiclassics.com/wp-content/uploads/2024/10/SC-Race-Suit_Team-Andiamo_2024-09_4x.png,,$238,0 p.,-
1763925487-334,https://fantasy.skiclassics.com/athletes,,Viljar Buer Christensen,Team Andiamo Fleischer Finans,https://skiclassics.com/wp-content/uploads/2024/10/SC-Race-Suit_Team-Andiamo_2024-09_4x.png,,$213,0 p.,-
1763925487-335,https://fantasy.skiclassics.com/athletes,,Kjetil Stuge Bånerud,Team Andiamo Fleischer Finans,https://skiclassics.com/wp-content/uploads/2024/10/SC-Race-Suit_Team-Andiamo_2024-09_4x.png,,$261,0 p.,-
1763925487-336,https://fantasy.skiclassics.com/athletes,,Gabriel Strid,Team GS8,https://skiclassics.com/wp-content/uploads/2024/10/Team-GS8-Race-Suit-new.png,,$2 421,0 p.,-
1763925487-337,https://fantasy.skiclassics.com/athletes,,Emil Nykvist,Team GS8,https://skiclassics.com/wp-content/uploads/2024/10/Team-GS8-Race-Suit-new.png,,$227,0 p.,-
1763925487-338,https://fantasy.skiclassics.com/athletes,,Thomas Rinner,Team Internorm Trentino GSG,https://skiclassics.com/wp-content/uploads/2023/03/vsc-race-suit-template-3.svg,QCI,$738,0 p.,-
1763925487-339,https://fantasy.skiclassics.com/athletes,,Manuela Deigentesch,Team Emtec Nordic,,QCI,$488,0 p.,-
1763925487-340,https://fantasy.skiclassics.com/athletes,,Nora Doksrød,NTNUI Ski Team,https://skiclassics.com/wp-content/uploads/2023/03/NTNUI-SKI-TEAM-Race-suite-picture.jpg,Youth,$256,0 p.,-
1763925487-341,https://fantasy.skiclassics.com/athletes,,Henning Lie,Team Sjusjøen Langløp,,,$1 544,0 p.,-
1763925487-342,https://fantasy.skiclassics.com/athletes,,Mattia Armellini,Team Futura GTE Trentino,https://skiclassics.com/wp-content/uploads/2023/03/Team-Futura-Trentino-Gte-elettrica.svg,QCI,$1 003,0 p.,-
1763925487-343,https://fantasy.skiclassics.com/athletes,,Boris Berglez,Team Nordic Expérience/Coste - Fromagerie Marcel Petite,,Youth,$267,0 p.,-
1763925487-344,https://fantasy.skiclassics.com/athletes,,Max Novak,Team Aker Dæhlie,https://skiclassics.com/wp-content/uploads/2023/03/VSC-Race-Suit-Template-Team-Aker-Daehlie-2024.svg,,$12 718,0 p.,-
1763925487-345,https://fantasy.skiclassics.com/athletes,,Riccardo Mich,Team Futura GTE Trentino,https://skiclassics.com/wp-content/uploads/2023/03/Team-Futura-Trentino-Gte-elettrica.svg,QCI,$323,0 p.,-
1763925487-346,https://fantasy.skiclassics.com/athletes,,Stefano Mich,Team Futura GTE Trentino,https://skiclassics.com/wp-content/uploads/2023/03/Team-Futura-Trentino-Gte-elettrica.svg,QCI,$744,0 p.,-
1763925487-347,https://fantasy.skiclassics.com/athletes,,Oskar Kardin,Lager 157 Ski Team,https://skiclassics.com/wp-content/uploads/2024/11/VSC-Race-Suit_LAGER-157-SKI-TEAM.png,,$7 697,0 p.,-
1763925487-348,https://fantasy.skiclassics.com/athletes,,Ulrik Emil Eriksen,Team Synnfjell,https://skiclassics.com/wp-content/uploads/2023/03/Team-Synnfjell-race-suit-template.png,Youth,$618,0 p.,-
1763925487-349,https://fantasy.skiclassics.com/athletes,,Anton Persson,Team Ramudden,https://skiclassics.com/wp-content/uploads/2023/03/Race-Suit_Ramudden_new-kopia2.svg,,$3 575,0 p.,-
1763925487-350,https://fantasy.skiclassics.com/athletes,,Thomas Joly,Team Ramudden,https://skiclassics.com/wp-content/uploads/2023/03/Race-Suit_Ramudden_new-kopia2.svg,QCI,$5 245,0 p.,-
1763925487-351,https://fantasy.skiclassics.com/athletes,,Manuela Deigentesch,Team Emtec Nordic,,QCI,$488,0 p.,-
1763925487-352,https://fantasy.skiclassics.com/athletes,,Nora Doksrød,NTNUI Ski Team,https://skiclassics.com/wp-content/uploads/2023/03/NTNUI-SKI-TEAM-Race-suite-picture.jpg,Youth,$256,0 p.,-
1763925487-353,https://fantasy.skiclassics.com/athletes,,Giacomo Ponti,Team Futura GTE Trentino,https://skiclassics.com/wp-content/uploads/2023/03/Team-Futura-Trentino-Gte-elettrica.svg,Youth,$2 735,0 p.,-
1763925487-354,https://fantasy.skiclassics.com/athletes,,Anton Elvseth,Team Engcon,https://skiclassics.com/wp-content/uploads/2024/11/VSC-Race-Suit_Engcon_New-4.svg,,$2 269,0 p.,-
1763925487-355,https://fantasy.skiclassics.com/athletes,,Mathias Aas Rolid,Team Aker Dæhlie,https://skiclassics.com/wp-content/uploads/2023/03/VSC-Race-Suit-Template-Team-Aker-Daehlie-2024.svg,,$3 910,0 p.,-
1763925487-356,https://fantasy.skiclassics.com/athletes,,Thomas Bing,eD system RSJ Team,,QCI,$7 961,0 p.,-
1763925487-357,https://fantasy.skiclassics.com/athletes,,Aleš Bohatý,eD system RSJ Team,,QCI,$945,0 p.,-
1763925487-358,https://fantasy.skiclassics.com/athletes,,Ole Eirik Fuglehaug Ekrem,Team Sport 1 Lillehammer,,,$598,0 p.,-
1763925487-359,https://fantasy.skiclassics.com/athletes,,Joar Thele,Team Burger King - Northug,,,$2 185,0 p.,-
1763925487-360,https://fantasy.skiclassics.com/athletes,,Johannes Eklöf,Ski Team Göhlins,https://skiclassics.com/wp-content/uploads/2023/03/ski-team-Gohlins-race-suit.svg,,$4 858,0 p.,-
1763925487-361,https://fantasy.skiclassics.com/athletes,,Andreas Nygaard,Team Ragde Charge,https://skiclassics.com/wp-content/uploads/2023/03/Aukland-Coaching-AS_2024.svg,,$11 272,0 p.,-
1763925487-362,https://fantasy.skiclassics.com/athletes,,Morten Eide Pedersen,Team Eksjöhus,https://skiclassics.com/wp-content/uploads/2024/11/Team-Eksjohus_VSC_template_2024-e1731396346500.png,,$6 044,0 p.,-
1763925487-363,https://fantasy.skiclassics.com/athletes,,Manuela Deigentesch,Team Emtec Nordic,,QCI,$488,0 p.,-
1763925487-364,https://fantasy.skiclassics.com/athletes,,Nora Doksrød,NTNUI Ski Team,https://skiclassics.com/wp-content/uploads/2023/03/NTNUI-SKI-TEAM-Race-suite-picture.jpg,Youth,$256,0 p.,-
1763925487-365,https://fantasy.skiclassics.com/athletes,,Hans Petter Rolke,Team Rustad IL Oslo,,,$1 861,0 p.,-
1763925487-366,https://fantasy.skiclassics.com/athletes,,Amund Riege,Team Aker Dæhlie,https://skiclassics.com/wp-content/uploads/2023/03/VSC-Race-Suit-Template-Team-Aker-Daehlie-2024.svg,Youth,$11 222,0 p.,-
1763925487-367,https://fantasy.skiclassics.com/athletes,,Olli Tyrväinen,Team Edux,https://skiclassics.com/wp-content/uploads/2023/03/Team-Edux-race-suit-1.svg,QCI,$686,0 p.,-
1763925487-368,https://fantasy.skiclassics.com/athletes,,Herman Paus,Team Ramudden,https://skiclassics.com/wp-content/uploads/2023/03/Race-Suit_Ramudden_new-kopia2.svg,Youth,$6 680,0 p.,-
1763925487-369,https://fantasy.skiclassics.com/athletes,,Petr Kolaja,eD system RSJ Team,,Youth,$375,0 p.,-
1763925487-370,https://fantasy.skiclassics.com/athletes,,Matthias Waldauf,Cibes Lift Ski-Willy Marathon Team,https://skiclassics.com/wp-content/uploads/2023/03/RaceSuit_SkiWillyMarathonTeamAUT.svg,QCI,$537,0 p.,-
1763925487-371,https://fantasy.skiclassics.com/athletes,,Stefan Falk,Cibes Lift Ski-Willy Marathon Team,https://skiclassics.com/wp-content/uploads/2023/03/RaceSuit_SkiWillyMarathonTeamAUT.svg,QCI,$489,0 p.,-
1763925487-372,https://fantasy.skiclassics.com/athletes,,Sune Elmose,Danish Skimarathon Team,https://skiclassics.com/wp-content/uploads/2023/03/Danish-Skimarathon-Team-Race-Suit-1.svg,QCI,$540,0 p.,-
1763925487-373,https://fantasy.skiclassics.com/athletes,,Henrik Vik Tolo,Team Rustad IL Oslo,,,$3 386,0 p.,-
1763925487-374,https://fantasy.skiclassics.com/athletes,,Erik Ola Jorde,Team Aktiv Mot Kreft,,Youth,$2 290,0 p.,-
1763925487-375,https://fantasy.skiclassics.com/athletes,,Manuela Deigentesch,Team Emtec Nordic,,QCI,$488,0 p.,-
1763925487-376,https://fantasy.skiclassics.com/athletes,,Nora Doksrød,NTNUI Ski Team,https://skiclassics.com/wp-content/uploads/2023/03/NTNUI-SKI-TEAM-Race-suite-picture.jpg,Youth,$256,0 p.,-
1763925487-377,https://fantasy.skiclassics.com/athletes,,Jørgen Harby,Team Sport 1 Lillehammer,,Youth,$221,0 p.,-
1763925487-378,https://fantasy.skiclassics.com/athletes,,Stefano Dal Magro,Team Futura GTE Trentino,https://skiclassics.com/wp-content/uploads/2023/03/Team-Futura-Trentino-Gte-elettrica.svg,Youth,$416,0 p.,-
1763925487-379,https://fantasy.skiclassics.com/athletes,,Einar Kalland-Olsen,Lager 157 Ski Team,https://skiclassics.com/wp-content/uploads/2024/11/VSC-Race-Suit_LAGER-157-SKI-TEAM.png,,$4 619,0 p.,-
1763925487-380,https://fantasy.skiclassics.com/athletes,,Bastien Laurent,Team Sjusjøen Langløp,,Youth,$1 457,0 p.,-
1763925487-381,https://fantasy.skiclassics.com/athletes,,Petter Northug,Team Burger King - Northug,,,$1 469,0 p.,-
1763925487-382,https://fantasy.skiclassics.com/athletes,,Jakob Walther,Team Slavia Pojišťovna Robinson Trentino,https://skiclassics.com/wp-content/uploads/2023/03/vsc-race-suit-template-TEAM-ROBINSON-TRENTINO.png,QCI,$715,0 p.,-
1763925487-383,https://fantasy.skiclassics.com/athletes,,Joachim Thrane,Danish Skimarathon Team,https://skiclassics.com/wp-content/uploads/2023/03/Danish-Skimarathon-Team-Race-Suit-1.svg,QCI,$217,0 p.,-
1763925487-384,https://fantasy.skiclassics.com/athletes,,Truls Gisselman,Team Ramudden,https://skiclassics.com/wp-content/uploads/2023/03/Race-Suit_Ramudden_new-kopia2.svg,Youth,$1 054,0 p.,-
1763925487-385,https://fantasy.skiclassics.com/athletes,,Jonathan Göppert,Cibes Lift Ski-Willy Marathon Team,https://skiclassics.com/wp-content/uploads/2023/03/RaceSuit_SkiWillyMarathonTeamAUT.svg,Youth,$1 243,0 p.,-
1763925487-386,https://fantasy.skiclassics.com/athletes,,Nils Dahlsten,Lager 157 Ski Team,https://skiclassics.com/wp-content/uploads/2024/11/VSC-Race-Suit_LAGER-157-SKI-TEAM.png,,$3 099,0 p.,-
1763925487-387,https://fantasy.skiclassics.com/athletes,,Manuela Deigentesch,Team Emtec Nordic,,QCI,$488,0 p.,-
1763925487-388,https://fantasy.skiclassics.com/athletes,,Nora Doksrød,NTNUI Ski Team,https://skiclassics.com/wp-content/uploads/2023/03/NTNUI-SKI-TEAM-Race-suite-picture.jpg,Youth,$256,0 p.,-
1763925487-389,https://fantasy.skiclassics.com/athletes,,Magnus Waaler,Team Burger King - Northug,,,$1 147,0 p.,-
1763925487-390,https://fantasy.skiclassics.com/athletes,,Eirik Sverdrup Augdal,Team Eksjöhus,https://skiclassics.com/wp-content/uploads/2024/11/Team-Eksjohus_VSC_template_2024-e1731396346500.png,,$6 562,0 p.,-
1763925487-391,https://fantasy.skiclassics.com/athletes,,Halfdan Thomas Baumann,Team Aktiv Mot Kreft,,Youth,$1 168,0 p.,-
1763925487-392,https://fantasy.skiclassics.com/athletes,,Miro Karppanen,Team Edux,https://skiclassics.com/wp-content/uploads/2023/03/Team-Edux-race-suit-1.svg,QCI,$1 741,0 p.,-
1763925487-393,https://fantasy.skiclassics.com/athletes,,Halvor Korbøl Thoner,Team Sport 1 Lillehammer,,,$747,0 p.,-
1763925487-394,https://fantasy.skiclassics.com/athletes,,Lauro Brändli,TEAM BSV IBEX,https://skiclassics.com/wp-content/uploads/2023/03/SC-Race-Suit_template_TEAM-BSV-IBEX.png,QCI,$595,0 p.,-
1763925487-395,https://fantasy.skiclassics.com/athletes,,Vebjørn Moen,Team Eksjöhus,https://skiclassics.com/wp-content/uploads/2024/11/Team-Eksjohus_VSC_template_2024-e1731396346500.png,,$3 846,0 p.,-
1763925487-396,https://fantasy.skiclassics.com/athletes,,Johan Tjelle,Team Engcon,https://skiclassics.com/wp-content/uploads/2024/11/VSC-Race-Suit_Engcon_New-4.svg,,$6 949,0 p.,-
1763925487-397,https://fantasy.skiclassics.com/athletes,,Amund Hoel,Team Engcon,https://skiclassics.com/wp-content/uploads/2024/11/VSC-Race-Suit_Engcon_New-4.svg,,$9 193,0 p.,-
1763925487-398,https://fantasy.skiclassics.com/athletes,,Gustav Eriksson,Team Slavia Pojišťovna Robinson Trentino,https://skiclassics.com/wp-content/uploads/2023/03/vsc-race-suit-template-TEAM-ROBINSON-TRENTINO.png,,$3 523,0 p.,-
1763925487-399,https://fantasy.skiclassics.com/athletes,,Manuela Deigentesch,Team Emtec Nordic,,QCI,$488,0 p.,-
1763925487-400,https://fantasy.skiclassics.com/athletes,,Nora Doksrød,NTNUI Ski Team,https://skiclassics.com/wp-content/uploads/2023/03/NTNUI-SKI-TEAM-Race-suite-picture.jpg,Youth,$256,0 p.,-
1763925487-401,https://fantasy.skiclassics.com/athletes,,Kasper Stadaas,Team Aker Dæhlie,https://skiclassics.com/wp-content/uploads/2023/03/VSC-Race-Suit-Template-Team-Aker-Daehlie-2024.svg,,$8 589,0 p.,-
1763925487-402,https://fantasy.skiclassics.com/athletes,,Henrik Arntzen Joks,Team Sjusjøen Langløp,,,$2 883,0 p.,-
1763925487-403,https://fantasy.skiclassics.com/athletes,,Johan Hoel,Team Ragde Charge,https://skiclassics.com/wp-content/uploads/2023/03/Aukland-Coaching-AS_2024.svg,,$10 572,0 p.,-
1763925487-404,https://fantasy.skiclassics.com/athletes,,Jonas Bergli,Team Sjusjøen Langløp,,,$765,0 p.,-
1763925487-405,https://fantasy.skiclassics.com/athletes,,Rickard Ericsson,Team GS8,https://skiclassics.com/wp-content/uploads/2024/10/Team-GS8-Race-Suit-new.png,,$1 243,0 p.,-
1763925487-406,https://fantasy.skiclassics.com/athletes,,Lorenz Grüber,Cibes Lift Ski-Willy Marathon Team,https://skiclassics.com/wp-content/uploads/2023/03/RaceSuit_SkiWillyMarathonTeamAUT.svg,QCI,$438,0 p.,-
1763925487-407,https://fantasy.skiclassics.com/athletes,,Alfred Buskqvist,Team Ramudden,https://skiclassics.com/wp-content/uploads/2023/03/Race-Suit_Ramudden_new-kopia2.svg,,$4 469,0 p.,-
1763925487-408,https://fantasy.skiclassics.com/athletes,,Alvar Myhlback,Lager 157 Ski Team,https://skiclassics.com/wp-content/uploads/2024/11/VSC-Race-Suit_LAGER-157-SKI-TEAM.png,Youth,$15 236,0 p.,-
1763925487-409,https://fantasy.skiclassics.com/athletes,,Petter Stakston,Team Aker Dæhlie,https://skiclassics.com/wp-content/uploads/2023/03/VSC-Race-Suit-Template-Team-Aker-Daehlie-2024.svg,,$6 470,0 p.,-
1763925487-410,https://fantasy.skiclassics.com/athletes,,Fredrik Helgestad,Team Kaffebryggeriet DRIV,https://skiclassics.com/wp-content/uploads/2023/03/Team-Kaffebryggeriet-Driv-race-suit.png,,$3 328,0 p.,-
1763925487-411,https://fantasy.skiclassics.com/athletes,,Manuela Deigentesch,Team Emtec Nordic,,QCI,$488,0 p.,-
1763925487-412,https://fantasy.skiclassics.com/athletes,,Nora Doksrød,NTNUI Ski Team,https://skiclassics.com/wp-content/uploads/2023/03/NTNUI-SKI-TEAM-Race-suite-picture.jpg,Youth,$256,0 p.,-
1763925487-413,https://fantasy.skiclassics.com/athletes,,Haakon Holden,Team Kaffebryggeriet DRIV,https://skiclassics.com/wp-content/uploads/2023/03/Team-Kaffebryggeriet-Driv-race-suit.png,,$3 813,0 p.,-
1763925487-414,https://fantasy.skiclassics.com/athletes,,Mikael Gunnulfsen,Team Ragde Charge,https://skiclassics.com/wp-content/uploads/2023/03/Aukland-Coaching-AS_2024.svg,,$2 036,0 p.,-
1763925487-415,https://fantasy.skiclassics.com/athletes,,Markus Köcheler,Cibes Lift Ski-Willy Marathon Team,https://skiclassics.com/wp-content/uploads/2023/03/RaceSuit_SkiWillyMarathonTeamAUT.svg,QCI,$935,0 p.,-
1763925487-416,https://fantasy.skiclassics.com/athletes,,Runar Skaug Mathisen,Lager 157 Ski Team,https://skiclassics.com/wp-content/uploads/2024/11/VSC-Race-Suit_LAGER-157-SKI-TEAM.png,,$6 907,0 p.,-
1763925487-417,https://fantasy.skiclassics.com/athletes,,Joel Björnlinger,Ski Team Göhlins,https://skiclassics.com/wp-content/uploads/2023/03/ski-team-Gohlins-race-suit.svg,Youth,$291,0 p.,-
1763925487-418,https://fantasy.skiclassics.com/athletes,,Ole Jørgen Bruvoll,Team Engcon,https://skiclassics.com/wp-content/uploads/2024/11/VSC-Race-Suit_Engcon_New-4.svg,,$8 525,0 p.,-
1763925487-419,https://fantasy.skiclassics.com/athletes,,Per Ingvar Tollehaug,Team Synnfjell,https://skiclassics.com/wp-content/uploads/2023/03/Team-Synnfjell-race-suit-template.png,Youth,$1 097,0 p.,-
1763925487-420,https://fantasy.skiclassics.com/athletes,,Axel Jutterström,Team Eksjöhus,https://skiclassics.com/wp-content/uploads/2024/11/Team-Eksjohus_VSC_template_2024-e1731396346500.png,,$8 871,0 p.,-
1763925487-421,https://fantasy.skiclassics.com/athletes,,Elias Andersson,Ski Team Göhlins,https://skiclassics.com/wp-content/uploads/2023/03/ski-team-Gohlins-race-suit.svg,,$5 301,0 p.,-
1763925487-422,https://fantasy.skiclassics.com/athletes,,Gaute Kvåle,Team Aker Dæhlie,https://skiclassics.com/wp-content/uploads/2023/03/VSC-Race-Suit-Template-Team-Aker-Daehlie-2024.svg,,$454,0 p.,-
1763925487-423,https://fantasy.skiclassics.com/athletes,,Manuela Deigentesch,Team Emtec Nordic,,QCI,$488,0 p.,-
1763925487-424,https://fantasy.skiclassics.com/athletes,,Nora Doksrød,NTNUI Ski Team,https://skiclassics.com/wp-content/uploads/2023/03/NTNUI-SKI-TEAM-Race-suite-picture.jpg,Youth,$256,0 p.,-
